{
    "detalles": [
      {
        "hora": "0",
        "animales": "0"
      },
      {
        "hora": "1",
        "animales": "10"
      },
      {
        "hora": "2",
        "animales": "20"
      },
      {
        "hora": "3",
        "animales": "0"
      },
      {
        "hora": "4",
        "animales": "0"
      },
      {
        "hora": "5",
        "animales": "0"
      },
      {
        "hora": "6",
        "animales": "0"
      },
      {
        "hora": "7",
        "animales": "0"
      },
      {
        "hora": "8",
        "animales": "0"
      },
      {
        "hora": "9",
        "animales": "0"
      },
      {
        "hora": "10",
        "animales": "0"
      },
      {
        "hora": "11",
        "animales": "0"
      },
      {
        "hora": "12",
        "animales": "0"
      },
      {
        "hora": "13",
        "animales": "0"
      },
      {
        "hora": "14",
        "animales": "0"
      },
      {
        "hora": "15",
        "animales": "0"
      },
      {
        "hora": "16",
        "animales": "0"
      },
      {
        "hora": "17",
        "animales": "0"
      },
      {
        "hora": "18",
        "animales": "0"
      },
      {
        "hora": "19",
        "animales": "0"
      },
      {
        "hora": "20",
        "animales": "0"
      },
      {
        "hora": "21",
        "animales": "0"
      },
      {
        "hora": "22",
        "animales": "0"
      },
      {
        "hora": "23",
        "animales": "0"
      },
      {
        "hora": "24",
        "animales": "0"
      }
    ]
  }
  